rank,name,url,location,description
253,Sheridan Computers,https://sheridancomputers.co.uk/,,"Manchester, Greater Manchester, United Kingdom"
252,CrossCipher Technologies PVT Ltd,https://www.crosscipher.com/,,"Thrissur, Kerala, India"
251,Netpluz Asia,https://www.netpluz.asia/,,Singapore
250,IQSEC,http://www.iqsec.com/,,Mexico
249,Rainbow Secure,https://www.rainbowsecure.com/,,"Old Bridge, New Jersey, United States"
248,Alpha Omega Zed,https://www.alphaomegazed.com/,,"Athens, Greece"
247,XPERTECHS,https://xpertechs.com/,,"Columbia, Maryland, United States"
246,"West Computers, Inc.",https://www.westcomputers.com/,,"Laurel, Mississipi, United States"
245,Tech Advisors,https://www.tech-adv.com/,,"Boston, Massachusetts, United States"
244,Vinson,https://vinsonprotect.com/,,"Akron, Ohio, United States"
243,"STI Computer Services, inc",https://stimanagedservices.com/,,"Eagleville, Pennsylvania, United States"
242,CINETIX,https://cinetixgroup.com/,,"Cali, Valle del Cauca, Colombia"
241,SECUINFRA GmbH,https://www.secuinfra.com/en/,,"Berlin, Germany"
240,Mindcore Technologies,https://mind-core.com/,,"Delray Beach, Florida, United States"
239,"SoundWay Consulting, Inc.",https://www.soundwayconsulting.com/,,"Silver Spring , Maryland, United States"
238,Defensible Technology,https://www.defensible.tech/,,"New York, New York , United States"
237,XFINIT Co.Ltd,https://xfinit.io/,,"Bangkok, Thailand"
236,Optimus Tech Solutions Inc.,https://www.techoptimus.com/,,"Toronto, Ontario, Canada"
235,Custodian360 Ltd,https://custodian360.com/,,"Wokingham, Berkshire, United Kingdom"
234,Nucleus Networks,https://yournucleus.ca/,,"Vancouver, British Columbia, Canada"
233,AEGYS DATALYTICS,https://www.aegysdata.com/,,"Herrsching, Bavaria, Germany"
232,CREAPLUS,https://www.creaplus.com/,,"Ljubljana, Slovenia, Slovenia"
231,BlueAlly,https://www.blueally.com/,,"Cary, North Carolina, United States"
230,Cyber74,https://www.cyber74.com/,,"Redding, California, United States"
229,Techcess CyberSecurity Group,https://www.techcesscyber.com/,,"Houston, Texas, United States"
228,Provintell Technologies Sdn Bhd,https://www.provintell.com/,,"SS7/26, Petaling Jaya, Selangor, Malaysia"
227,"docTRONX, Inc.",https://www.doctronx.com/,,"Corpus Christi, Texas, United States"
226,NSI Advisor SRL,https://www.nsiadvisor.it/,,"Assago, Milan, Italy"
225,Aurora InfoTech,https://www.aurora-infotech.com/,,"Orlando, Florida, United States"
224,Secure Soft,https://www.securesoftcorp.com/,,Mexico
223,Technivorus Technology,https://www.technivorus.com/,,"Gurugram, Haryana, India"
222,DashStack,https://www.dashstack.com/,,"Fremont, California, United States"
221,OrbitalFire Cybersecurity,https://orbitalfire.com/,,"Troy, New York, United States"
220,Siemba Inc,https://www.siemba.io/,,"Alpharetta, Georgia, United States"
219,"Certified NETS, Inc.",https://www.certified-nets.com/,,"Olivette, Missouri, United States"
218,intersectis,https://www.intersectis.com/,,"Carlsbad, California, United States"
217,Buchanan Technologies,https://www.buchanan.com/,,"Grapevine, Texas, United States"
216,ProVision,https://www.provision.ro/,,"Bucharest, Romania"
215,"Warren Averett Technology Group, LLC",https://www.watechgroup.com/,,"Montgomery, Alabama, United States"
214,Spectrumwise,https://www.spectrumwise.com/,,"Charlotte, North Carolina, United States"
213,SOCSoter,https://www.socsoter.com/,,"Hagerstown, Maryland, United States"
212,Certego,https://www.certego.net/,,"Modena, Italy"
211,TechWerxe,https://techwerxe.com/,,"Livingston, New Jersey, United States"
210,Justice IT Consulting LLC,https://www.justiceitc.com/,,"Burleson, Texas, United States"
209,Teltec Solutions,https://www.teltecsolutions.com.br/,,"Florianopolis, Santa Catarina, Brazil"
208,Novaconnect,https://www.novaconnect.com/,,"Rome, Italy"
207,Yellow Cube,https://yellowcube.eu/,,"Budapest, Hungary"
206,SocMind FZE,https://socmind.com/,,"Sharjah , United Arab Emirates"
205,Cloudway,https://www.cloudway.co.il/,,"Petach tikva, Israel, Israel"
204,DeltaSpike,https://deltaspike.io/,,"Guoco Tower, Singapore, Singapore"
203,"Anchor Technologies, Inc.",https://www.anchortechnologies.com/,,"Columbia, Maryland, United States"
202,detacon GmbH,https://detacon.de/,,"Saarbrücken, Saarland, Germany"
201,"Vivitec, Inc.",https://vivitec.net/,,"Crestview Hills, Kentucky, United States"
200,Tamnoon,https://tamnoon.io/,,"Sammamish, Washington, United States"
199,Site2,https://www.site2.com/,,"Clarks Summit, Pennsylvania, United States"
198,Stealth-ISS Group Inc.,https://stealth-iss.com/,,"Tampa, Florida, United States"
197,SecuriCentrix,https://www.securicentrix.com/,,"Dublin, Leinster, Ireland"
196,Kocho,https://kocho.co.uk/,,"London, Westminster, United Kingdom"
195,SemTech IT Solutions,https://www.semtechit.com/,,"Longwood, Florida, United States"
194,eSecurity Solutions,https://www.esecuritysolutions.com/,,"Irvine, California, United States"
193,Fiberwolf LLC,https://www.fiberwolfnet.com/,,"Guaynabo, Puerto Rico, United States"
192,ARES Cyber Intelligence GmbH,https://www.ares-ci.com/,,"Traun, Upper Austria, Austria"
191,TechOnPurpose,https://techonpurpose.net/,,"Austin, Texas, United States"
190,TruAdvantage,https://www.truadvantage.com/,,"San Jose, California, United States"
189,CETech,https://www.cetechno.com/,,"Rochester, New York , United States"
188,Xact Cybersecurity & I.T.,https://www.xactcybersecurity.com/,,"Marlton, New Jersey, United States"
187,Virtual IT,https://virtualit.cloud/,,"London, London, United Kingdom"
186,"Nerds Support, Inc",https://nerdssupport.com/,,"Miami, Florida, United States"
185,"Trusted Internet, LLC",https://www.trustedinternet.io/,,"Amherst, New Hampshire, United States"
184,NetGain Technologies,https://www.netgainit.com/,,"Lexington, Kentucky, United States"
183,Blue Line Technologies,https://bluelti.com/,,"Charlotte, North Carolina, United States"
182,Sosecure,https://www.sosecure.co.th/,,"Bangkok, Thailand"
181,Sennovate Inc.,https://sennovate.com/,,"San Ramon, California, United States"
180,NopalCyber,https://www.nopalcyber.com/,,"New York, New York, United States"
179,powersolution.com,https://powersolution.com/,,"Midland Park, New Jersey, United States"
178,Sagacent Technologies,https://sagacent.com/,,"Santa Clara, California, United States"
177,US itek,https://www.usitek.com/,,"Tonawanda, New York, United States"
176,Gruppo Euris SpA,https://www.euris.it/,,"Trieste, Italy"
175,1898 & Co.,https://1898andco.burnsmcd.com/solutions/managed-security-services,,"Kansas City, Missouri, United States"
174,DIAMATIX,https://diamatix.com/,,"Varna, Bulgaria"
173,NaviSec LLC,https://navisec.io/,,"Tampa, Florida, United States"
172,Kirkham IronTech,https://www.kirkhamirontech.com/,,"Fort Smith, Arkansas, United States"
171,"Appalachia Technologies, LLC",https://appalachiatech.com/,,"Mechanicsburg, Pennsylvania, United States"
170,Defenced B.V.,https://defenced.nl/,,"Eindhoven, Brabant, The Netherlands"
169,Entara,https://entaracorp.com/,,"Chicago, Illinois, United States"
168,Nexagate Sdn Bhd,https://www.nexagate.com/,,"Kuala Lumpur, Kuala Lumpur, Malaysia"
167,M.A. Polce,https://mapolce.com/,,"Rome, New York , United States"
166,SharkStriker,https://sharkstriker.com/,,"Walnut Creek, California, United States"
165,PCH Technologies,https://pchtechnologies.com/,,"Sewell, New Jersey, United States"
164,Adarma Ltd,https://adarma.com/,,"Edinburgh, Scotland, United Kingdom"
163,Red Rabbit Security,https://redrabbitsec.com/,,"White Plains, New York, United States"
162,Exchange Technology Services,https://www.exchangetech.ca/,,"Winnipeg, Manitoba, Canada"
161,ADEO CYBER SECURITY SERVICES,https://adeo.com.tr/,,"Istanbul, Türkiye"
160,Ballast Services,https://www.ballastservices.com/,,"Oldsmar, Florida, United States"
159,ONESECURE Asia Pte Ltd,https://www.onesecureasia.com/,,Singapore
158,Birch Cline Cybersecurity,https://www.birchcline.com/,,"Dallas, Texas, United States"
157,Intraframe US,https://www.intraframe.us/,,"Collierville, Tennessee, United States"
156,tCognition Inc.,https://tcognition.com/,,"Boston, Massachusetts, United States"
155,IshanTech (M) Sdn Bhd,https://www.ishantech.net/,,"Petaling Jaya, Selangor, Malaysia"
154,Icon Information Systems Pty Ltd,https://www.iconis.co.za/,,"Umhlanga, Kwa Zulu Natal, South Africa"
253,Sheridan Computers,https://sheridancomputers.co.uk/,,"Manchester, Greater Manchester, United Kingdom"
251,"Netpluz AsiaSingaporeNetpluz, as a Managed Secure Communications Service Provider, has a regional presence and",https://www.netpluz.asia/,"focuses on delivering high-quality managed data, voice, and video services over a unified network.",Their business focus is to become the leading Managed Communications Service Provider in the Asia
143,The Vietnamses Security Network,https://vsec.com.vn/trang-chu/,,"Ha Noi, Thanh Xuan Dist, Viet Nam"
142,DigitalEra Group,https://www.digitaleragroup.com/,,"Doral, Florida, United States"
141,Rewterz,https://www.rewterz.com/,,"Riyadh , Riyadh Region, Kingdom of Saudi Arabia"
140,one IT,https://oneit.com.mx/,,"Zapopan, Jalisco, México"
139,ItCon Inc,https://www.itconinc.com/,,"Suffern, New York, United States"
138,Tactical Intelligence Security,http://taise.tech/,,"Accra, Greater Accra, Ghana"
137,Nclose (Pty) Ltd,https://www.nclose.com/,,"Cape Town, Western Cape, South Africa"
136,ProArch Technologies,https://www.proarch.com/,,"Atlanta, Georgia, United States"
135,Pearl Technology,https://pearltechnology.com/,,"Peoria Heights, Illinois, United States"
134,XL.Net,https://xl.net/,,"Chicago, Illinois, United States"
133,GMS,https://gmsseguridad.com/,,"Bogota D.C., Cundinamarca, Ecuador"
132,GAM Tech,https://www.gamtech.ca/,,"Calgary, Alberta, Canada"
131,DirectDefense,https://www.directdefense.com/,,"Englewood, Colorado, United States"
130,Socura Ltd,https://socura.co.uk/,,"Cardiff, Vale of Glamorgan, United Kingdom"
129,"PCA Technology Solutions, Inc.",https://www.pcatechsolutions.com/,,"Little Rock, Arkansas, United States"
128,Accent Consulting,https://accentconsulting.com/,,"Lafayette, Indiana, United States"
127,Securicom,https://www.securicom.co.za/,,"Cape Town, Western Cape, South Africa"
126,Gamma Ingenieros,https://gammaingenieros.com/gammacsoc-cert/,,"Bogota, Distrito Capital, Colombia"
125,"Ascendant Technologies, Inc.",https://ascendantusa.com/,,"Somerset, New Jersey, United States"
124,Banyax,https://banyax.com/,,"San Pedro Garza Garcia, Nuevo León, Mexico"
123,1nteger,https://1ntegersecurity.com/,,"Endicott, New York, United States"
122,CBM Technology,https://cbm.technology/,,"Breaux Bridge, Louisiana, United States"
121,Cyber Guards,https://cyberguards.com/,,"Cordova, Tennessee, United States"
120,BLOKWORX,https://blokworx.com/,,"Reno, Nevada, United States"
119,The AME Group,https://www.theamegroup.com/,,"Vincennes, Indiana, United States"
118,360 SOC,https://360soc.com/,,"Phoenix, Arizona, United States"
117,NetWorks Group,https://www.networksgroup.com/,,"Ann Arbor, Michigan, United States"
116,CyberSOC Africa,https://www.cybersocafrica.com/,,"Lekki Phase 1, Lagos, Nigeria"
115,"Aspire Technology Partners, LLC",https://www.aspiretransforms.com/,,"Eatontown, New Jersey, United States"
114,MAD Security,https://madsecurity.com/,,"Huntsville, Alabama, United States"
113,"Quzara, LLC",https://quzara.com/,,"Vienna, Virginia, United States"
112,Omega Systems,https://omegasystemscorp.com/,,"Reading, Pennsylvania, United States"
111,Novawatch,https://novawatch.com/,,"Scottsdale, Arizona, United States"
110,Secure Cyber Defense,https://securecyberdefense.com/,,"Moraine, Ohio, United States"
109,OneAxiom,https://www.oneaxiom.com/,,"Naples, Florida, United States"
108,enhanced.io,https://enhanced.io/,,"Los Angeles, California, United States"
107,Dataprise,https://www.dataprise.com/,,"Rockville, Maryland, United States"
106,Stripe OLT,https://stripeolt.com/,,"Bristol, Avon, United Kingdom"
105,LeadingIT,https://www.goleadingit.com/,,"Woodstock, Illinois, United States"
104,AgileBlue,https://agileblue.com/,,"Cleveland, Ohio, United States"
103,DKB Innovative,https://dkbinnovative.com/,,"Frisco, Texas, United States"
102,"Cloudfall(shanghai)information technology Co.,limited",https://www.cloudfall.cn/en/,,"Shanghai, China"
101,"Paranet Solutions, Inc.",https://www.paranet.com/,,"Carrollton, Texas, United States"
100,High Wire Networks,https://www.highwirenetworks.com/,,"Batavia, Illinois, United States"
99,KoçSistem Information and Communication Services Inc.,https://www.kocsistem.com.tr/en,,"Istanbul, Üsküdar/Istanbul, Türkiye"
98,NRD Cyber Security,https://www.nrdcs.eu/cybersoc/,,"Vilnius, Lithuania"
97,AccountabilIT,https://www.accountabilit.com/,,"Scottsdale, Arizona, United States"
96,ITC Secure,https://itcsecure.com/,,"Churchill, London, UK"
95,Critical Insight,https://www.criticalinsight.com/,,"Bremerton, Washington, United States"
94,Compuquip Cybersecurity,https://www.compuquip.com/,,"Doral, Florida, United States"
93,Foresite Cybersecurity,https://foresite.com/,,"Overland Park, Kansas, United States"
92,NetCov,https://www.netcov.com/,,"Danvers, Massachusetts, United States"
91,Sedara,https://sedarasecurity.com/,,"Buffalo, New York, United States"
90,ECI,https://www.eci.com/,,"New York, New York, United States"
89,Fortify 24x7,https://fortify24x7.com/,,"Point Roberts, Washington, United States"
88,DefendEdge,https://www.defendedge.com/,,"Glen Ellyn, Illinois, United States"
87,Brite,https://brite.com/,,"Victor, New York, United States"
86,CyFlare,https://www.cyflare.com/,,"West Seneca, New York, United States"
85,SERA BRYNN,https://serabrynn.com/,,"St. Louis, Missouri, United States"
84,Materna Radar Cyber Security,https://www.radarcs.com/,,"Vienna, Vienna, Austria"
83,DigiSOC,https://www.digisoc.net/,,"Bogota, Distrito Capital, Colombia"
82,Eventus Security,https://eventussecurity.com/,,"Mumbai, Maharashtra, India"
81,Cryptogen Nepal Pvt. Ltd.,https://cryptogennepal.com/,,"Kathmandu, Bagmati, Nepal"
80,Sequretek,https://sequretek.com/,,"Little Rock, Arkansas, United States"
79,RNS Technology Services,https://www.rnstechnology.com/,,"Dubai, United Arab Emirates"
78,SUCCESS Computer Consulting,https://successcomputerconsulting.com/,,"Golden Valley, Minnesota, United States"
77,Future Technologies Informatica,https://future.com.br/,,"Petropolis, Rio de Janeiro, Brazil"
76,VirtualArmour,https://virtualarmour.com/,,"Englewood, Colorado, United States"
75,Legato Security,https://www.legatosecurity.com/,,"Salt Lake City, Utah, United States"
74,Beyon Cyber W.L.L.,https://beyoncyber.com/,,"Hamala, Bahrain"
73,XeneX SOC,https://www.xenexsoc.com/,,"Los Angeles, California, United States"
72,Bridewell,https://www.bridewell.com/,,"Reading, Berkshire"
71,JMARK,https://www.jmark.com/,,"Springfield , Missouri, United States"
70,ArmorPoint,https://armorpoint.com/,,"Phoenix, Arizona, United States"
69,Security Validation | SecValMSSP,https://securityval.com/,,"Oradell, New Jersey, United States"
68,"JLS Technology United States, LLC",https://jlstech.com/,,"Newark, New Jersey, United States"
67,CyberDome Nigeria Ltd,https://cyberdome.net/,,"Maitama, Abuja, FCT, Nigeria"
66,Zyston,https://www.zyston.com/,,"Dallas, Texas, United States"
65,PwC UK - Managed Cyber Services,https://www.pwc.co.uk/issues/cyber-security-services/managed-cyber-services.html,,"London, United Kingdom"
64,Cybalt,https://www.cybalt.com/,,"Plano, Texas, United States"
63,Kivu Consulting,https://www.kivuconsulting.com/,,"Berkeley, California, United States"
62,Arctiq,https://arctiq.com/,,"Irvine, California, United States"
61,Talion,https://talion.net/,,"Camberely, United Kingdom"
60,Smarttech247,https://www.smarttech247.com/,,"London, Ireland"
59,"Hughes Network Systems, LLC",https://www.hughes.com/what-we-offer/managed-cybersecurity,,"Germantown, Maryland, United States"
58,Open Text Corporation (dba OpenText),https://www.opentext.com/services/security,,"Waterloo, Ontario, Canada"
57,Difenda,https://www.difenda.com/,,"Goodyear, Arizona, United States"
56,Sikich,https://www.sikich.com/technology/managed-it-services/,,"Naperville, Illinois, United States"
55,Vairav Tech,https://vairavtech.com/,,"Fairfax, Virginia, United States"
54,Xantrion,https://www.xantrion.com/,,"Lafayette, California, United States"
53,Clearwater,https://clearwatersecurity.com/,,"Nashville, Tennessee, United States"
52,Integrity360,https://www.integrity360.com/,,"Dublin, Ireland"
51,Magen.AI,https://magen.ai/,,"Tel Aviv, Israel"
50,Quorum Cyber,https://www.quorumcyber.com/,,"Edinburgh, Scotland, United Kingdom"
49,"Konica Minolta Business Solutions U.S.A., Inc.",https://kmbs.konicaminolta.us/solutions-services/security-services/,,"Ramsey, New Jersey, United States"
48,THREATHUNTER.AI,https://threathunter.ai/,,"Brea, California, United States"
47,Viettel Cyber Security,https://viettelcybersecurity.com/,,"Nam Tu Liem, Ha Noi, Vietnam"
46,Digital Hands,https://www.digitalhands.com/,,"Tampa, Florida, United States"
45,Solis Security,https://www.solissecurity.com/en-us/,,"Austin, Texas, United States"
44,Judy Security,https://www.judysecurity.ai/,,"Detroit, Michigan, United States"
43,CyberMaxx,https://www.cybermaxx.com/,,"Chicago, Illinois, United States"
42,Fortified Health Security,https://fortifiedhealthsecurity.com/,,"Brentwood, Tennessee, United States"
41,Novacoast,https://www.novacoast.com/,,"Wichita, Kansas, United States"
40,"RSM US, LLP",https://rsmus.com/services/risk-fraud-cybersecurity/cybersecurity-business-vulnerability/security-monitoring-response.html,,"Harrisburg, Pennsylvania, United States"
39,"Intelligent Technical Solutions, LLC",https://www.itsasap.com/,,"Las Vegas, Nevada, United States"
38,SecurityHQ,https://www.securityhq.com/,,"London, Greater London, United Kingdom"
37,SEK - Security Ecosystem Knowledge,https://sek.io/,,"Barueri, São Paulo, Brasil"
36,Agio,https://agio.com/,,"New York, New York, United States"
35,Custom Computer Specialists,https://www.customonline.com/,,"Hauppauge, New York, United States"
34,mnemonic,https://www.mnemonic.io/,,"Oslo, Norway"
33,Safeway Consultoria,https://safewayconsultoria.com/,,"Sao Paulo, Brasil"
32,Performanta,https://www.performanta.com/,,"Maidenhead, Berkshire, United Kingdom"
31,Binary Defense,https://www.binarydefense.com/,,"Stow, Ohio, United States"
30,Advens,https://www.advens.fr/en/,,"Paris, France"
29,Nuspire,https://www.nuspire.com/,,"Commerce Township, Michigan, United States"
28,GM Sectec,https://www.gmsectec.com/,,"San Juan, Puerto Rico"
27,Nightwing - Cyber Protection Solutions,https://nightwing.us/,,"Sterling, Virginia, United States"
26,IMCNET Cibersegurança,https://www.imcnet.com.br/,,"Sao Paulo, Brazil"
25,DYOPATH,https://dyopath.com/,,"Houston, Texas, United States"
24,CyberProof,https://www.cyberproof.com/,,"Aliso Viejo, California, United States"
23,ASPER,https://www.asper.tec.br/,,"São Paulo, Brazil"
22,LMNTRIX,https://lmntrix.com/,,"Orange, California, United States"
21,Thrive,https://thrivenextgen.com/,,"Foxborough, Massachusetts, United States"
20,Thales,https://cds.thalesgroup.com/,,"Meudon, Meudon, France"
19,ISH Tecnologia,https://ish.com.br/,,"Vitoria, Espírito Santo, Brazil"
18,Locknet,https://www.locknetmanagedit.com/,,"Wausau, Wisconsin, United States"
17,BlueVoyant,https://www.bluevoyant.com/,,"New York , New York , United States"
16,"Ntiva, Inc.",https://www.ntiva.com/,,"McLean, Virginia, United States"
15,Deepwatch,https://www.deepwatch.com/,,"Tampa, Florida, United States"
14,SonicWall,https://www.sonicwall.com/,,"Milpitas, California, United States"
13,DAS-Security,https://www.dbappsecurity.com.cn/,,"Hangzhou, Zhejiang Province, China"
12,AKATI Sekurity (M) Sdn Bhd,https://www.akati.com/,,"Kuala Lumpur, Malaysia"
11,Insight,https://www.insight.com/,,"Chandler, Arizona, United States"
10,Trustwave,https://www.trustwave.com/en-us/,,"Chicago, Illinois, United States"
9,DGS SpA,https://www.dgsspa.com/en/,,"Rome, Italy"
8,eSentire,https://www.esentire.com/,,"Waterloo, Ontario, Canada"
7,Kroll,https://www.kroll.com/en/services/cyber-risk,,"New York, New York, United States"
6,Ensign InfoSecurity,https://www.ensigninfosecurity.com/,,"Singapore, Singapore"
5,Orange Cyberdefense,https://www.orangecyberdefense.com/,,"Nanterre, Paris, France"
4,LevelBlue,https://levelblue.com/?utm_source=google&utm_medium=cpc&utm_term=kwd-779224687800&utm_campaign=10688982711&source=EBPS0000000PSM00P&WT.srch=1&wtExtndSource=ACS&wtpdsrchprg=AT%2526T%2520ABS&wtpdsrchgp=ABS_SEARCH&wtPaidSearchTerm=levelblue&wtpdsrchpcmt=levelblue&kid=kwd-779224687800&cid=10688982711&TFN=B2B&ds_eid=700000001999349&ds_cid=71700000070527993&ds_agid=58700008716048958&ds_kids=p80114019095=customer_id=4125597838&gad_source=1&gclid=CjwKCAjwhvi0BhA4EiwAX25ujz0HFn1hwNS4LljAbVoSDDPTv60spWKVsARERNjRRjER877K0YIcWhoCWRsQAvD_BwE&gclsrc=aw.ds,,"Dallas, Texas, United States"
3,"Deloitte and Touche, LLP",https://www.deloitte.com/global/en/services/risk-advisory/services/cyber-risk.html,,"New York, New York, United States"
2,ECS,https://ecstech.com/,,"Fairfax, Virginia, United States"
1,Kyndryl,https://www.kyndryl.com/,,"New York, New York, United States"
